name,release_date,type_review,has_discount,price,discount_percent_percent,price_whitout_discount,day_release,month_release,year_release
Counter-Strike 2,2012-08-21,Very Positive,0,0.0,0.0,0.0,21,8,2012
Forza Horizon 6,2026-05-18,Very Positive,0,299.0,0.0,299.0,18,5,2026
Path of Exile 2,2024-12-06,Mostly Positive,1,39.9,-50.0,79.8,6,12,2024
Yu-Gi-Oh! Master Duel,2022-01-18,Mostly Positive,0,0.0,0.0,0.0,18,1,2022
Steam Deck,2025-01-17,,0,0.0,0.0,0.0,17,1,2025
007 First Light,2026-05-26,Very Positive,0,299.0,0.0,299.0,26,5,2026
Resident Evil Requiem,2026-02-26,Overwhelmingly Positive,1,239.2,-20.0,298.99999999999994,26,2,2026
Rust,2018-02-08,Very Positive,0,119.99,0.0,119.99,8,2,2018
Gothic 1 Remake,2026-06-05,,0,179.99,0.0,179.99,5,6,2026
Apex Legends™,2020-11-04,Mostly Positive,0,0.0,0.0,0.0,4,11,2020
Resident Evil 4,2019-01-24,Overwhelmingly Positive,1,42.25,-75.0,169.0,24,1,2019
Paralives,2026-05-25,Very Positive,0,107.99,0.0,107.99,25,5,2026
Call of Duty®,2022-10-27,Mixed,0,0.0,0.0,0.0,27,10,2022
Subnautica 2,2026-05-14,Very Positive,0,119.99,0.0,119.99,14,5,2026
Call of Duty®: Black Ops 7 - BlackCell (Season 04),2026-06-04,,0,164.9,0.0,164.9,4,6,2026
Tom Clancy's Rainbow Six Siege,2015-12-01,Very Positive,0,0.0,0.0,0.0,1,12,2015
Fatekeeper,2026-06-02,Mostly Positive,1,31.99,-20.0,39.9875,2,6,2026
EA SPORTS FC™ 26,2025-09-25,Mixed,1,75.8,-80.0,379.00000000000006,25,9,2025
F1® 25,2026-06-03,Very Positive,0,199.0,0.0,199.0,3,6,2026
Steam Controller,2026-05-04,,0,0.0,0.0,0.0,4,5,2026
Warframe,2013-03-25,Very Positive,0,0.0,0.0,0.0,25,3,2013
Sons Of The Forest,2024-02-22,Very Positive,1,26.69,-70.0,88.96666666666665,22,2,2024
F1® 25: 2026 Season Pack,2026-06-03,Mixed,0,109.0,0.0,109.0,3,6,2026
PUBG: BATTLEGROUNDS,2017-12-21,Mixed,0,0.0,0.0,0.0,21,12,2017
Grand Theft Auto V Enhanced,2025-03-04,Very Positive,1,74.95,-50.0,149.9,4,3,2025
The Seven Deadly Sins: Origin,2026-03-16,Mixed,0,0.0,0.0,0.0,16,3,2026
Dead by Daylight,2016-06-14,Mostly Positive,0,69.99,0.0,69.99,14,6,2016
ACE COMBAT 8: WINGS OF THEVE,2026-10-01,,0,309.5,0.0,309.5,1,10,2026
Monster Hunter Wilds,2025-02-27,Mixed,1,117.18,-58.0,279.0,27,2,2025
Escape the Backrooms,2025-10-23,Very Positive,1,20.79,-20.0,25.987499999999997,23,10,2025
House Flipper Remastered Collection,2026-06-04,Mostly Positive,1,121.49,-10.0,134.98888888888888,4,6,2026
LEGO® Batman™: Legacy of the Dark Knight,2026-05-22,Overwhelmingly Positive,0,299.99,0.0,299.99,22,5,2026
Street Fighter™ 6,2023-06-01,Very Positive,1,89.5,-50.0,179.0,1,6,2023
Marvel Rivals,2024-12-05,Mostly Positive,0,0.0,0.0,0.0,5,12,2024
Gamble With Your Friends,2026-05-01,Very Positive,0,26.49,0.0,26.49,1,5,2026
Dota 2,2013-07-09,Very Positive,0,0.0,0.0,0.0,9,7,2013
Marathon,2026-03-05,Very Positive,1,115.43,-30.0,164.90000000000003,5,3,2026
No Rest for the Wicked,2024-04-18,Very Positive,1,81.89,-30.0,116.9857142857143,18,4,2024
Ready or Not,2023-12-13,Mostly Positive,0,131.99,0.0,131.99,13,12,2023
Backrooms: Escape Together,2022-10-18,Very Positive,1,23.09,-30.0,32.98571428571429,18,10,2022
Resident Evil 7 Biohazard,2017-01-23,Very Positive,1,35.6,-60.0,89.0,23,1,2017
Destiny 2,2019-10-01,Mostly Positive,0,0.0,0.0,0.0,1,10,2019
War Thunder,2013-08-15,Mostly Positive,0,0.0,0.0,0.0,15,8,2013
Black Desert,2017-11-15,Mostly Positive,0,17.46,0.0,17.46,15,11,2017
VRChat,2017-02-01,Mostly Positive,0,0.0,0.0,0.0,1,2,2017
eFootball™,2021-09-29,Mixed,0,0.0,0.0,0.0,29,9,2021
ARC Raiders,2025-10-30,Very Positive,1,135.2,-20.0,168.99999999999997,30,10,2025
Mina the Hollower,2026-05-28,Very Positive,0,59.99,0.0,59.99,28,5,2026
The Elder Scrolls® Online,2017-05-22,Very Positive,0,61.5,0.0,61.5,22,5,2017
Crimson Desert,2026-03-19,Very Positive,0,349.99,0.0,349.99,19,3,2026
Slay the Spire 2,2026-03-05,Very Positive,0,74.99,0.0,74.99,5,3,2026
No Man's Sky,2016-08-12,Very Positive,1,64.8,-60.0,161.99999999999997,12,8,2016
Where Winds Meet,2025-11-14,Very Positive,0,0.0,0.0,0.0,14,11,2025
Satisfactory,2024-09-10,Overwhelmingly Positive,1,75.59,-30.0,107.9857142857143,10,9,2024
Disney Dreamlight Valley,2023-12-05,Very Positive,1,103.21,-30.0,147.44285714285715,5,12,2023
TBH: Task Bar Hero,2026-05-27,Mixed,0,0.0,0.0,0.0,27,5,2026
Team Fortress 2,2007-10-10,Very Positive,0,0.0,0.0,0.0,10,10,2007
Resident Evil 2,2019-01-24,Overwhelmingly Positive,1,33.8,-80.0,169.00000000000003,24,1,2019
Wuthering Waves,2025-04-28,Very Positive,0,0.0,0.0,0.0,28,4,2025
Diablo® IV,2026-04-27,Mostly Positive,0,229.9,0.0,229.9,27,4,2026
Escape from Tarkov,2025-11-15,Mixed,0,115.0,0.0,115.0,15,11,2025
ELDEN RING,2022-02-24,Very Positive,0,274.5,0.0,274.5,24,2,2022
NBA 2K26,2025-09-04,Mostly Positive,0,399.9,0.0,399.9,4,9,2025
EA SPORTS™ College Football 27,2026-07-09,,0,299.0,0.0,299.0,9,7,2026
Librarian: Tidy Up the Arcane Library!,2026-04-30,Very Positive,0,23.49,0.0,23.49,30,4,2026
Kingdom Come: Deliverance II,2025-02-04,Very Positive,1,149.5,-50.0,299.0,4,2,2025
The First Descendant,2024-06-30,Mixed,0,0.0,0.0,0.0,30,6,2024
End of Zoe,2017-12-11,Very Positive,1,16.75,-75.0,67.0,11,12,2017
TEKKEN 8,2024-01-25,Mixed,1,106.14,-40.0,176.9,25,1,2024
Baldur's Gate 3,2023-08-03,Overwhelmingly Positive,0,199.99,0.0,199.99,3,8,2023
HITMAN World of Assassination,2022-01-20,Very Positive,1,75.59,-60.0,188.975,20,1,2022
Fallout 76,2020-04-14,Mostly Positive,0,155.0,0.0,155.0,14,4,2020
FINAL FANTASY XIV Online,2014-02-18,Very Positive,0,52.99,0.0,52.99,18,2,2014
R.E.P.O.,2025-02-26,Overwhelmingly Positive,0,29.99,0.0,29.99,26,2,2025
Resident Evil Village,2021-05-07,Overwhelmingly Positive,1,42.25,-75.0,169.0,7,5,2021
Overwatch®,2023-08-10,Mostly Negative,0,0.0,0.0,0.0,10,8,2023
Spyro™ Reignited Trilogy,2019-09-03,Very Positive,1,54.97,-75.0,219.88,3,9,2019
Romestead,2026-05-25,Very Positive,1,40.49,-10.0,44.98888888888889,25,5,2026
Windrose,2026-04-14,Very Positive,0,89.99,0.0,89.99,14,4,2026
The Forest,2018-04-30,Overwhelmingly Positive,1,8.35,-78.0,37.95454545454546,30,4,2018
Once Human,2024-07-09,Mostly Positive,0,0.0,0.0,0.0,9,7,2024
"Warhammer 40,000: Darktide",2022-11-30,Mostly Positive,0,149.95,0.0,149.95,30,11,2022
Cloudheim,2025-12-04,Very Positive,1,58.73,-34.0,88.98484848484848,4,12,2025
HELLDIVERS™ 2,2024-02-08,Very Positive,0,199.5,0.0,199.5,8,2,2024
Car Dealer Simulator,2025-05-29,Very Positive,1,45.93,-25.0,61.24,29,5,2025
STAR WARS™: The Old Republic™,2020-07-21,Very Positive,0,0.0,0.0,0.0,21,7,2020
Onimusha: Way of the Sword,2026-09-24,,0,299.0,0.0,299.0,24,9,2026
Monster Hunter: World,2018-08-09,Very Positive,1,33.54,-74.0,129.0,9,8,2018
Digimon Story Time Stranger,2025-10-02,Very Positive,1,274.14,-40.0,456.9,2,10,2025
The Elder Scrolls V: Skyrim Special Edition,2016-10-27,Very Positive,0,149.0,0.0,149.0,27,10,2016
Car Dealer Simulator - Up 2 You DLC,2026-06-04,Mixed,1,49.6,-10.0,55.111111111111114,4,6,2026
Magic: The Gathering Arena,2023-05-23,Mixed,0,0.0,0.0,0.0,23,5,2023
Assassin's Creed Black Flag Resynced,2026-07-09,,0,299.99,0.0,299.99,9,7,2026
Gang Beasts,2017-12-12,Very Positive,1,14.99,-75.0,59.96,12,12,2017
iRacing,2015-01-12,Very Positive,0,32.99,0.0,32.99,12,1,2015
Call of Duty®: Warzone™,2022-11-16,Mostly Negative,0,0.0,0.0,0.0,16,11,2022
Resident Evil 3,2019-01-24,Very Positive,1,33.8,-80.0,169.00000000000003,24,1,2019
Outer Wilds,2020-06-18,Overwhelmingly Positive,1,33.99,-50.0,67.98,18,6,2020
Battlefield™ 6,2025-10-10,Mixed,0,299.0,0.0,299.0,10,10,2025
Assassin’s Creed Shadows,2025-03-19,Mostly Positive,1,174.99,-50.0,349.98,19,3,2025
EA SPORTS™ Madden NFL 27,2026-08-13,,0,299.0,0.0,299.0,13,8,2026
Far Far West,2026-04-28,Overwhelmingly Positive,0,49.99,0.0,49.99,28,4,2026
World of Warships,2017-11-15,Very Positive,0,0.0,0.0,0.0,15,11,2017
Schedule I,2025-03-24,Overwhelmingly Positive,0,59.99,0.0,59.99,24,3,2025
MONSTER HUNTER RISE,2022-01-12,Very Positive,1,33.8,-80.0,169.00000000000003,12,1,2022
Hogwarts Legacy,2023-02-10,Very Positive,1,37.49,-85.0,249.9333333333333,10,2,2023
The Sims™ 4,2020-06-18,Very Positive,0,0.0,0.0,0.0,18,6,2020
Wallpaper Engine,2018-11-16,Overwhelmingly Positive,0,17.99,0.0,17.99,16,11,2018
Palworld,2024-01-18,Overwhelmingly Positive,1,66.74,-25.0,88.98666666666666,18,1,2024
Resident Evil 5,2009-09-15,Very Positive,1,22.25,-75.0,89.0,15,9,2009
Conan Exiles Enhanced,2018-05-08,Mostly Positive,0,99.49,0.0,99.49,8,5,2018
Persona5: The Phantom X,2025-06-25,Mixed,0,0.0,0.0,0.0,25,6,2025
Nioh 3,2026-02-05,Very Positive,1,247.79,-29.0,349.0,5,2,2026
Esoteric Ebb,2026-03-03,Overwhelmingly Positive,1,59.19,-20.0,73.9875,3,3,2026
Limbus Company,2023-02-26,Very Positive,0,0.0,0.0,0.0,26,2,2023
Stellaris,2016-05-09,Very Positive,0,188.99,0.0,188.99,9,5,2016
Resident Evil 6,2013-03-21,Mostly Positive,1,22.25,-75.0,89.0,21,3,2013
Arena Breakout: Infinite,2025-09-15,Mostly Positive,0,0.0,0.0,0.0,15,9,2025
THE FINALS,2023-12-07,Very Positive,0,0.0,0.0,0.0,7,12,2023
PRAGMATA,2026-04-16,Overwhelmingly Positive,0,259.0,0.0,259.0,16,4,2026
Risk of Rain 2,2020-08-11,Overwhelmingly Positive,0,59.99,0.0,59.99,11,8,2020
Cyberpunk 2077,2020-12-09,Very Positive,0,199.9,0.0,199.9,9,12,2020
Fortune Mill,2026-06-02,Very Positive,1,22.49,-25.0,29.986666666666665,2,6,2026
PEAK,2025-06-16,Overwhelmingly Positive,0,23.99,0.0,23.99,16,6,2025
Like a Dragon: Infinite Wealth,2024-01-25,Very Positive,1,74.97,-75.0,299.88,25,1,2024
Farming Simulator 25,2024-11-12,Very Positive,0,143.95,0.0,143.95,12,11,2024
TBH : Task Bar Hero - Supporter Pack,2026-05-27,Mixed,1,12.6,-20.0,15.749999999999998,27,5,2026
Dead as Disco,2026-05-05,Overwhelmingly Positive,0,75.01,0.0,75.01,5,5,2026
Stardew Valley,2016-02-26,Overwhelmingly Positive,0,24.99,0.0,24.99,26,2,2016
Crusader Kings III,2020-09-01,Very Positive,0,188.99,0.0,188.99,1,9,2020
Cheap Car Repair,2026-05-28,Very Positive,1,43.23,-55.0,96.06666666666666,28,5,2026
RimWorld,2018-10-17,Overwhelmingly Positive,0,101.99,0.0,101.99,17,10,2018
Hearts of Iron IV,2016-06-06,Very Positive,0,188.99,0.0,188.99,6,6,2016
Tomb Raider: Legacy of Atlantis,2027-02-12,,0,259.0,0.0,259.0,12,2,2027
MapleStory,2012-08-09,Mixed,0,0.0,0.0,0.0,9,8,2012
Phasmophobia,2020-09-18,Very Positive,0,59.99,0.0,59.99,18,9,2020
Delta Force,2024-12-04,Mixed,0,0.0,0.0,0.0,4,12,2024
Palia,2024-03-25,Very Positive,0,0.0,0.0,0.0,25,3,2024
Like a Dragon: Pirate Yakuza in Hawaii,2025-02-20,Very Positive,1,62.47,-75.0,249.88,20,2,2025
House Flipper,2018-05-17,Very Positive,1,72.74,-35.0,111.9076923076923,17,5,2018
Deep Rock Galactic: Rogue Core,2026-05-20,Mixed,0,73.99,0.0,73.99,20,5,2026
Heroes of Might and Magic: Olden Era,2026-04-30,Very Positive,0,79.99,0.0,79.99,30,4,2026
Pratfall,2026-04-20,Very Positive,1,19.19,-20.0,23.9875,20,4,2026
BeamNG.drive,2015-05-29,Overwhelmingly Positive,0,59.99,0.0,59.99,29,5,2015
Euro Truck Simulator 2,2012-10-12,Overwhelmingly Positive,0,61.99,0.0,61.99,12,10,2012
"Warhammer 40,000: Space Marine 2",2024-09-09,Very Positive,0,199.9,0.0,199.9,9,9,2024
Microsoft Flight Simulator 2024,2024-11-19,Mixed,0,299.99,0.0,299.99,19,11,2024
EA Play,2020-08-31,,0,30.0,0.0,30.0,31,8,2020
DRAGON BALL: Sparking! ZERO,2024-10-10,Very Positive,1,141.25,-50.0,282.5,10,10,2024
ARK: Survival Ascended,2023-10-25,Mixed,0,220.0,0.0,220.0,25,10,2023
Cities: Skylines II,2023-10-24,Mixed,0,188.99,0.0,188.99,24,10,2023
CONTROL Resonant,2026-09-24,,0,229.99,0.0,229.99,24,9,2026
Bloons TD 6,2018-12-17,Overwhelmingly Positive,0,27.89,0.0,27.89,17,12,2018
Factorio,2020-08-14,Overwhelmingly Positive,0,101.99,0.0,101.99,14,8,2020
Tom Clancy’s The Division® 2,2023-01-12,Mostly Positive,1,37.49,-75.0,149.96,12,1,2023
Dwarf Eats Mountain,2026-05-18,Very Positive,0,24.99,0.0,24.99,18,5,2026
Raft,2022-06-20,Very Positive,0,67.99,0.0,67.99,20,6,2022
House Flipper 2,2023-12-14,Very Positive,1,101.98,-29.0,143.6338028169014,14,12,2023
ELDEN RING NIGHTREIGN,2025-05-29,Very Positive,0,197.9,0.0,197.9,29,5,2025
God of War Ragnarök,2024-09-19,Very Positive,0,249.9,0.0,249.9,19,9,2024
Project Zomboid,2013-11-08,Very Positive,0,59.99,0.0,59.99,8,11,2013
Tour de France 2026,2026-06-04,,0,124.99,0.0,124.99,4,6,2026
Cronos: The New Dawn,2025-09-05,Very Positive,1,149.4,-40.0,249.00000000000003,5,9,2025
Hell Let Loose,2021-07-27,Very Positive,1,51.24,-75.0,204.96,27,7,2021
American Truck Simulator,2016-02-02,Overwhelmingly Positive,0,61.99,0.0,61.99,2,2,2016
Lost Ark,2022-02-11,Mixed,0,0.0,0.0,0.0,11,2,2022
Grand Theft Auto: San Andreas – The Definitive Edition,2023-01-19,Mostly Positive,1,98.96,-67.0,299.8787878787879,19,1,2023
The Isle,2015-12-01,Mostly Positive,0,59.99,0.0,59.99,1,12,2015
Heartopia,2026-01-16,Mixed,0,0.0,0.0,0.0,16,1,2026
Umamusume: Pretty Derby,2025-06-24,Very Positive,0,0.0,0.0,0.0,24,6,2025
Borderlands 4,2025-09-11,Mixed,1,299.94,-40.0,499.90000000000003,11,9,2025
BidKing,2026-04-15,Mostly Negative,0,16.49,0.0,16.49,15,4,2026
Starminer,2026-05-27,Mostly Positive,1,89.99,-10.0,99.98888888888888,27,5,2026
DON'T SCREAM TOGETHER,2025-12-03,Mixed,1,13.24,-50.0,26.48,3,12,2025
SnowRunner,2021-05-17,Very Positive,1,39.96,-60.0,99.89999999999999,17,5,2021
Call of Duty®: Black Ops 7,2025-11-13,Mostly Negative,0,349.9,0.0,349.9,13,11,2025
Forza Horizon 6 VIP Membership,2026-05-18,Very Positive,0,99.0,0.0,99.0,18,5,2026
Total War: WARHAMMER III,2022-02-16,Mostly Positive,0,188.47,0.0,188.47,16,2,2022
Age of Empires II: Definitive Edition,2019-11-14,Overwhelmingly Positive,0,89.99,0.0,89.99,14,11,2019
"Warhammer 40,000: Dawn of War IV",2026-09-17,,1,268.2,-10.0,298.0,17,9,2026
Car Mechanic Simulator 2021,2021-08-11,Overwhelmingly Positive,1,11.09,-85.0,73.93333333333332,11,8,2021
"5,000 Premier Pack - Rainbow Six Siege",2026-06-04,,0,159.99,0.0,159.99,4,6,2026
The Binding of Isaac: Rebirth,2014-11-04,Overwhelmingly Positive,0,27.99,0.0,27.99,4,11,2014
Arma Reforger,2023-11-16,Mostly Positive,0,149.99,0.0,149.99,16,11,2023
Mafia: The Old Country,2025-08-07,Mostly Positive,1,202.93,-30.0,289.90000000000003,7,8,2025
Serpent's Gaze,2026-05-25,Very Positive,1,48.14,-10.0,53.48888888888889,25,5,2026
ACE COMBAT™ 7: SKIES UNKNOWN,2019-01-31,Very Positive,1,57.5,-80.0,287.50000000000006,31,1,2019
Throne and Liberty,2024-10-01,Mixed,0,0.0,0.0,0.0,1,10,2024
Hell Let Loose: Vietnam,2026-08-13,,1,98.99,-10.0,109.98888888888888,13,8,2026
DYNASTY WARRIORS: ORIGINS,2025-01-16,Very Positive,1,244.3,-30.0,349.00000000000006,16,1,2025
Crashout Crew,2026-05-28,Very Positive,1,14.87,-38.0,23.983870967741936,28,5,2026
Call of Duty®: Black Ops III,2015-11-05,Very Positive,0,329.9,0.0,329.9,5,11,2015
Yakuza 0 Director's Cut,2025-12-08,Mostly Positive,1,119.94,-40.0,199.9,8,12,2025
The 7th Guest Remake,2026-06-03,Mostly Positive,1,67.95,-15.0,79.94117647058825,3,6,2026
Planet Zoo,2019-11-05,Very Positive,0,100.0,0.0,100.0,5,11,2019
Resident Evil 0,2016-01-19,Mostly Positive,1,22.25,-75.0,89.0,19,1,2016
WARNO,2024-05-23,Very Positive,1,79.79,-60.0,199.475,23,5,2024
Songs of Conquest,2024-05-20,Very Positive,1,58.14,-50.0,116.28,20,5,2024
RV There Yet?,2025-10-21,Very Positive,0,26.49,0.0,26.49,21,10,2025
God of War,2022-01-14,Overwhelmingly Positive,0,199.9,0.0,199.9,14,1,2022
Species: Unknown,2025-10-23,Very Positive,0,32.99,0.0,32.99,23,10,2025
Atomic Heart,2023-02-20,Mostly Positive,1,49.97,-75.0,199.88,20,2,2023
Lost Judgment,2022-09-14,Overwhelmingly Positive,1,57.71,-65.0,164.8857142857143,14,9,2022
ELDEN RING Shadow of the Erdtree,2024-06-20,Very Positive,0,182.9,0.0,182.9,20,6,2024
inZOI,2025-03-27,Mostly Positive,0,149.9,0.0,149.9,27,3,2025
Terraria,2011-05-16,Overwhelmingly Positive,0,32.99,0.0,32.99,16,5,2011
Witch's Apocalyptic Journey,2026-06-04,,1,23.99,-20.0,29.987499999999997,4,6,2026
Monster Hunter World: Iceborne,2020-01-09,Mostly Positive,1,25.35,-85.0,168.99999999999997,9,1,2020
Wizardry Variants Daphne,2025-03-05,Mixed,0,0.0,0.0,0.0,5,3,2025
Morimens,2024-08-01,Very Positive,0,0.0,0.0,0.0,1,8,2024
GIRLS' FRONTLINE 2: EXILIUM,2025-02-10,Mixed,0,0.0,0.0,0.0,10,2,2025
Plague Inc: Evolved,2016-02-18,Very Positive,1,9.39,-80.0,46.95000000000001,18,2,2016
Mount & Blade II: Bannerlord,2022-10-25,Very Positive,0,199.99,0.0,199.99,25,10,2022
Ale & Tale Tavern,2024-09-05,Very Positive,1,16.64,-55.0,36.97777777777778,5,9,2024
Pronoun Palace,2026-06-04,Very Positive,1,61.19,-10.0,67.98888888888888,4,6,2026
Planet Zoo 2,2026-10-13,,0,154.99,0.0,154.99,13,10,2026
TBH : Task Bar Hero - Hunter (Class),2026-05-27,Mostly Positive,1,15.59,-20.0,19.487499999999997,27,5,2026
The House Always Wins,2026-05-21,Very Positive,0,38.99,0.0,38.99,21,5,2026
Blood West,2023-12-05,Very Positive,1,29.99,-50.0,59.98,5,12,2023
Scale the Depths,2026-05-28,Very Positive,1,31.86,-15.0,37.48235294117647,28,5,2026
FOR HONOR™,2017-02-13,Mixed,1,19.49,-85.0,129.9333333333333,13,2,2017
Onimusha 2: Samurai's Destiny,2025-03-22,Very Positive,1,64.5,-50.0,129.0,22,3,2025
Resident Evil 4 (2005),2014-02-27,Very Positive,1,22.25,-75.0,89.0,27,2,2014
Metro Exodus,2020-02-14,Very Positive,1,22.35,-85.0,149.0,14,2,2020
CONTROL Ultimate Edition,2020-08-27,Very Positive,1,9.99,-90.0,99.90000000000002,27,8,2020
GOALS,2026-06-04,Mixed,0,0.0,0.0,0.0,4,6,2026
Guild Wars 2®,2022-08-23,Very Positive,0,0.0,0.0,0.0,23,8,2022
Stronghold Crusader: Definitive Edition,2025-07-15,Very Positive,1,37.79,-37.0,59.98412698412698,15,7,2025
SCUM,2025-06-17,Mostly Positive,1,63.99,-60.0,159.975,17,6,2025
Manor Lords,2024-04-26,Very Positive,1,51.99,-35.0,79.98461538461538,26,4,2024
Grounded 2,2025-07-29,Very Positive,0,149.0,0.0,149.0,29,7,2025
Grand Theft Auto IV: The Complete Edition,2020-03-24,Very Positive,1,23.7,-70.0,78.99999999999999,24,3,2020
Enshrouded,2024-01-24,Very Positive,0,89.99,0.0,89.99,24,1,2024
Master of Command,2025-10-27,Very Positive,1,63.99,-20.0,79.9875,27,10,2025
Red Dead Redemption 2,2019-12-05,Very Positive,0,299.9,0.0,299.9,5,12,2019
Yakuza Kiwami 3 & Dark Ties,2026-02-11,Mixed,1,192.72,-35.0,296.4923076923077,11,2,2026
Black Myth: Wukong,2024-08-19,Very Positive,0,229.99,0.0,229.99,19,8,2024
Subnautica,2018-01-23,Overwhelmingly Positive,0,124.5,0.0,124.5,23,1,2018
Hunt: Showdown 1896,2019-08-27,Mostly Positive,0,87.99,0.0,87.99,27,8,2019
Split Fiction,2025-03-06,Overwhelmingly Positive,0,199.0,0.0,199.0,6,3,2025
Chained Together,2024-06-19,Very Positive,1,13.59,-20.0,16.987499999999997,19,6,2024
GTFO,2021-12-09,Very Positive,1,23.24,-69.0,74.96774193548386,9,12,2021
Ravenswatch,2024-09-26,Very Positive,1,29.99,-60.0,74.975,26,9,2024
Core Keeper,2024-08-27,Very Positive,1,35.99,-40.0,59.98333333333334,27,8,2024
Dead Island 2,2024-04-22,Mostly Positive,1,49.8,-80.0,249.00000000000003,22,4,2024
Resident Evil,2015-01-19,Very Positive,1,22.25,-75.0,89.0,19,1,2015
Clair Obscur: Expedition 33,2025-04-24,Overwhelmingly Positive,0,199.0,0.0,199.0,24,4,2025
Echoes of Aincrad,2026-07-09,,0,303.5,0.0,303.5,9,7,2026
Dome Keeper,2022-09-27,Very Positive,1,16.49,-70.0,54.966666666666654,27,9,2022
LumenTale: Memories of Trey,2026-05-26,Mostly Positive,1,61.19,-10.0,67.98888888888888,26,5,2026
Russian Fishing 4,2021-11-10,Mostly Positive,0,0.0,0.0,0.0,10,11,2021
Sea of Thieves: 2026 Edition,2020-06-03,Very Positive,0,179.0,0.0,179.0,3,6,2020
DrainSim,2026-03-03,Very Positive,1,59.99,-20.0,74.9875,3,3,2026
Marvel's Spider-Man 2,2025-01-30,Very Positive,0,249.9,0.0,249.9,30,1,2025
Songs of Conquest - Yulan,2026-06-04,Positive,0,37.19,0.0,37.19,4,6,2026
Among Us,2018-11-16,Very Positive,1,8.99,-40.0,14.983333333333334,16,11,2018
skate.,2025-09-16,Mixed,0,0.0,0.0,0.0,16,9,2025
Gears of War: Reloaded,2025-08-26,Mixed,1,99.5,-50.0,199.0,26,8,2025
Gray Zone Warfare,2024-04-30,Mostly Positive,0,159.9,0.0,159.9,30,4,2024
Left 4 Dead 2,2009-11-16,Overwhelmingly Positive,0,32.99,0.0,32.99,16,11,2009
STALCRAFT: X,2022-12-09,Mixed,0,0.0,0.0,0.0,9,12,2022
theHunter: Call of the Wild™,2017-02-16,Very Positive,0,59.99,0.0,59.99,16,2,2017
NARAKA: BLADEPOINT,2021-08-11,Very Positive,0,0.0,0.0,0.0,11,8,2021
MOUSE: P.I. For Hire,2026-04-16,Very Positive,0,88.99,0.0,88.99,16,4,2026
WWE 2K26,2026-03-12,Mixed,1,284.99,-25.0,379.9866666666667,12,3,2026
Construction Simulator,2022-09-20,Very Positive,1,22.19,-70.0,73.96666666666665,20,9,2022
Destiny 2: Renegades,2025-12-02,Mixed,0,159.99,0.0,159.99,2,12,2025
VEIN,2025-10-24,Very Positive,0,67.99,0.0,67.99,24,10,2025
Jurassic World Evolution 3,2025-10-21,Very Positive,0,226.0,0.0,226.0,21,10,2025
Cyberpunk 2077: Phantom Liberty,2023-09-25,Very Positive,0,99.99,0.0,99.99,25,9,2023
Blue Prince,2025-04-10,Very Positive,1,53.39,-40.0,88.98333333333333,10,4,2025
The Crew Motorfest,2024-04-18,Mostly Positive,1,59.99,-80.0,299.9500000000001,18,4,2024
Mewgenics,2026-02-10,Very Positive,0,88.99,0.0,88.99,10,2,2026
MechWarrior 5: Mercenaries,2021-05-26,Very Positive,0,57.99,0.0,57.99,26,5,2021
Everything is Crab: The Animal Evolution Roguelite,2026-05-08,Very Positive,0,32.99,0.0,32.99,8,5,2026
World of Tanks,2021-04-28,Mostly Positive,0,0.0,0.0,0.0,28,4,2021
Battlefield™ REDSEC,2025-10-28,Mixed,0,0.0,0.0,0.0,28,10,2025
Content Warning,2024-04-01,Very Positive,1,14.87,-38.0,23.983870967741936,1,4,2024
Retro Rewind - Video Store Simulator,2026-03-17,Overwhelmingly Positive,0,49.99,0.0,49.99,17,3,2026
Avatar Legends: The Fighting Game,2026-07-23,,0,88.99,0.0,88.99,23,7,2026
The Outlast Trials,2024-03-05,Very Positive,0,107.99,0.0,107.99,5,3,2024
Resident Evil Revelations 2,2015-02-24,Mostly Positive,1,22.25,-75.0,89.0,24,2,2015
Fishing Planet,2017-08-28,Very Positive,0,0.0,0.0,0.0,28,8,2017
Assetto Corsa,2014-12-19,Very Positive,0,59.99,0.0,59.99,19,12,2014
Grounded,2022-09-27,Very Positive,0,197.72,0.0,197.72,27,9,2022
Rayman Legends Retold,2026-10-01,,0,199.99,0.0,199.99,1,10,2026
PowerWash Simulator 2,2025-10-23,Very Positive,1,63.66,-15.0,74.89411764705882,23,10,2025
Planet Coaster 2,2024-11-06,Mostly Positive,0,134.99,0.0,134.99,6,11,2024
ZERO PARADES: For Dead Spies,2026-05-21,Very Positive,0,124.99,0.0,124.99,21,5,2026
DayZ,2018-12-13,Mostly Positive,0,169.0,0.0,169.0,13,12,2018
DYNASTY WARRIORS 3: Complete Edition Remastered,2026-09-30,,0,199.0,0.0,199.0,30,9,2026
Garry's Mod,2006-11-29,Overwhelmingly Positive,0,25.99,0.0,25.99,29,11,2006
Slime Rancher 2,2025-09-23,Very Positive,1,53.99,-40.0,89.98333333333333,23,9,2025
Teamfight Manager 2,2026-05-25,Mixed,0,59.99,0.0,59.99,25,5,2026
Farever,2026-05-06,Mostly Positive,0,56.49,0.0,56.49,6,5,2026
Age of Empires IV: Anniversary Edition,2021-10-28,Very Positive,0,99.99,0.0,99.99,28,10,2021
ARK: Survival Evolved,2017-08-27,Very Positive,0,46.99,0.0,46.99,27,8,2017
Realm of Ink,2026-05-26,Very Positive,1,66.59,-10.0,73.9888888888889,26,5,2026
RuneScape: Dragonwilds,2025-04-15,Very Positive,0,114.99,0.0,114.99,15,4,2025
Gears 5,2019-09-09,Mostly Positive,1,74.5,-50.0,149.0,9,9,2019
Tabletop Simulator,2015-06-05,Overwhelmingly Positive,0,59.99,0.0,59.99,5,6,2015
Resident Evil Revelations,2013-05-20,Mostly Positive,1,22.25,-75.0,89.0,20,5,2013
SULFUR,2024-10-28,Very Positive,1,41.43,-44.0,73.98214285714285,28,10,2024
Geometry Dash,2014-12-22,Very Positive,0,16.99,0.0,16.99,22,12,2014
Hello Kitty Island Adventure,2025-01-30,Very Positive,1,88.47,-40.0,147.45000000000002,30,1,2025
FATAL FRAME II: Crimson Butterfly REMAKE,2026-03-11,Very Positive,1,186.75,-25.0,249.0,11,3,2026
Resident Evil 3 Nemesis (1999),2026-04-01,Very Positive,1,28.5,-50.0,57.0,1,4,2026
Crossout,2017-07-26,Mixed,0,0.0,0.0,0.0,26,7,2017
DRAGON BALL FighterZ,2018-01-26,Very Positive,1,37.2,-84.0,232.49999999999997,26,1,2018
Lethal Company,2023-10-23,Overwhelmingly Positive,0,32.99,0.0,32.99,23,10,2023
Marathon Seasonal LUX Fun//Police Bundle,2026-06-02,Positive,0,49.9,0.0,49.9,2,6,2026
7 Days to Die,2024-07-25,Very Positive,0,121.99,0.0,121.99,25,7,2024
Green Hell,2019-09-05,Very Positive,1,4.74,-90.0,47.40000000000001,5,9,2019
Brawlhalla,2017-10-17,Mostly Positive,0,0.0,0.0,0.0,17,10,2017
Dispatch,2025-10-22,Overwhelmingly Positive,0,88.99,0.0,88.99,22,10,2025
Kingdom Come: Deliverance,2018-02-13,Very Positive,1,29.8,-80.0,149.00000000000003,13,2,2018
Scritchy Scratchy,2026-03-18,Overwhelmingly Positive,0,19.49,0.0,19.49,18,3,2026
Alien: Isolation,2014-10-06,Very Positive,1,53.7,-70.0,178.99999999999997,6,10,2014
Shadow of the Tomb Raider: Definitive Edition,2018-09-14,Very Positive,1,24.97,-85.0,166.46666666666664,14,9,2018
Slots & Diapers,2026-06-03,Very Positive,1,17.49,-30.0,24.985714285714284,3,6,2026
PAYDAY 2,2013-08-13,Very Positive,0,29.99,0.0,29.99,13,8,2013
Sid Meier's Civilization VII,2025-02-10,Mixed,0,349.9,0.0,349.9,10,2,2025
Papa's Mocharia Deluxe,2026-06-02,Very Positive,1,19.49,-17.0,23.481927710843372,2,6,2026
World of Tanks Blitz,2016-11-09,Mostly Positive,0,0.0,0.0,0.0,9,11,2016
Assassin's Creed® Syndicate,2015-11-18,Mostly Positive,1,22.49,-75.0,89.96,18,11,2015
Super Battle Golf,2026-02-19,Very Positive,0,19.99,0.0,19.99,19,2,2026
"Warhammer 40,000: Rogue Trader",2023-12-07,Very Positive,0,124.99,0.0,124.99,7,12,2023
METAL GEAR SOLID Δ: SNAKE EATER,2025-08-28,Very Positive,1,239.7,-40.0,399.5,28,8,2025
DEATH STRANDING 2: ON THE BEACH,2026-03-19,Overwhelmingly Positive,0,399.9,0.0,399.9,19,3,2026
Supermarket Simulator,2025-06-19,Very Positive,0,59.99,0.0,59.99,19,6,2025
Le Mans Ultimate,2025-07-22,Mostly Positive,0,200.0,0.0,200.0,22,7,2025
Aimlabs,2023-06-16,Very Positive,0,0.0,0.0,0.0,16,6,2023
Resident Evil 2 (1998),2026-04-01,Very Positive,1,28.5,-50.0,57.0,1,4,2026
The Witcher 3: Wild Hunt,2015-05-18,Overwhelmingly Positive,0,129.99,0.0,129.99,18,5,2015
Blue Archive,2025-07-03,Very Positive,0,0.0,0.0,0.0,3,7,2025
Into the Dead: Our Darkest Days,2025-04-09,Very Positive,1,59.19,-20.0,73.9875,9,4,2025
Mini Motorways,2021-07-20,Overwhelmingly Positive,1,14.48,-30.0,20.685714285714287,20,7,2021
Abiotic Factor,2025-07-22,Overwhelmingly Positive,0,101.99,0.0,101.99,22,7,2025
Middle-earth™: Shadow of War™,2017-10-09,Very Positive,1,22.99,-90.0,229.90000000000003,9,10,2017
ICARUS,2021-12-03,Mostly Positive,0,101.99,0.0,101.99,3,12,2021
Hades II,2025-09-25,Overwhelmingly Positive,0,88.99,0.0,88.99,25,9,2025
Yakuza: Like a Dragon,2020-11-10,Very Positive,1,39.96,-60.0,99.89999999999999,10,11,2020
War Robots,2018-04-04,Mixed,0,0.0,0.0,0.0,4,4,2018
TBH : Task Bar Hero - Slayer (Class),2026-05-27,Mixed,1,15.59,-20.0,19.487499999999997,27,5,2026
Rise of the Tomb Raider™,2016-02-09,Very Positive,1,18.74,-85.0,124.93333333333331,9,2,2016
Forza Horizon 5,2021-11-08,Very Positive,0,249.0,0.0,249.0,8,11,2021
Starfield,2023-09-05,Mixed,0,249.9,0.0,249.9,5,9,2023
OPERATOR,2023-08-01,Very Positive,0,59.99,0.0,59.99,1,8,2023
Hozy,2026-03-30,Mostly Positive,0,39.99,0.0,39.99,30,3,2026
Like a Dragon Gaiden: The Man Who Erased His Name,2023-11-08,Overwhelmingly Positive,1,74.7,-70.0,248.99999999999997,8,11,2023
LEGO® Harry Potter™ Collection,2024-10-08,Very Positive,1,29.99,-85.0,199.93333333333328,8,10,2024
Escape Simulator 2,2025-10-27,Very Positive,1,40.0,-20.0,50.0,27,10,2025
Cities: Skylines,2015-03-10,Very Positive,0,115.99,0.0,115.99,10,3,2015
A Plague Tale: Requiem,2022-10-17,Very Positive,1,53.97,-70.0,179.89999999999998,17,10,2022
The Elder Scrolls IV: Oblivion Remastered,2025-04-22,Mostly Positive,0,264.9,0.0,264.9,22,4,2025
Life is Strange Remastered,2022-02-01,Very Positive,1,39.8,-80.0,199.00000000000003,1,2,2022
Granblue Fantasy: Relink,2024-01-31,Very Positive,0,129.9,0.0,129.9,31,1,2024
Soul Land: Awakening World,2026-06-01,Mostly Negative,0,0.0,0.0,0.0,1,6,2026
Cairn,2026-01-29,Very Positive,1,71.19,-20.0,88.9875,29,1,2026
Fallout 4,2015-11-09,Very Positive,0,59.99,0.0,59.99,9,11,2015
MARVEL Tōkon: Fighting Souls,2026-08-06,,0,339.9,0.0,339.9,6,8,2026
Cult of the Lamb,2022-08-11,Overwhelmingly Positive,0,64.95,0.0,64.95,11,8,2022
Factorio: Space Age,2024-10-21,Very Positive,0,101.99,0.0,101.99,21,10,2024
Ready or Not: Boiling Point,2026-03-12,Mostly Positive,0,25.99,0.0,25.99,12,3,2026
SILENT HILL: Townfall,2026-09-23,,0,284.9,0.0,284.9,23,9,2026
World of Sea Battle,2025-10-21,Mostly Positive,0,0.0,0.0,0.0,21,10,2025
Steam Deck Docking Station,2022-10-06,,0,0.0,0.0,0.0,6,10,2022
Victoria 3,2022-10-25,Mostly Positive,0,188.99,0.0,188.99,25,10,2022
Total War: WARHAMMER II,2017-09-28,Very Positive,0,188.47,0.0,188.47,28,9,2017
ULTRAKILL,2020-09-03,Overwhelmingly Positive,0,74.99,0.0,74.99,3,9,2020
Ghost of Tsushima DIRECTOR'S CUT,2024-05-16,Very Positive,0,249.9,0.0,249.9,16,5,2024
Albion Online,2018-05-16,Mostly Positive,0,0.0,0.0,0.0,16,5,2018
StarRupture,2026-01-06,Very Positive,1,63.99,-20.0,79.9875,6,1,2026
Outlast,2013-09-04,Overwhelmingly Positive,1,11.74,-75.0,46.96,4,9,2013
Don't Starve Together,2016-04-21,Overwhelmingly Positive,0,27.99,0.0,27.99,21,4,2016
Escape from Tarkov - The Unheard Steam Edition Expansion Pack,2026-05-20,Very Positive,0,0.0,0.0,0.0,20,5,2026
PAYDAY 3,2023-09-21,Mixed,1,59.39,-67.0,179.969696969697,21,9,2023
Disco Elysium - The Final Cut,2019-10-15,Very Positive,1,29.99,-75.0,119.96,15,10,2019
Risk of Rain 2: Alloyed Collective,2025-11-18,Very Positive,0,28.99,0.0,28.99,18,11,2025
"1,200 Welcome Pack - Rainbow Six Siege",2026-06-02,Mostly Negative,0,39.99,0.0,39.99,2,6,2026
Rain World,2017-03-28,Overwhelmingly Positive,1,33.21,-66.0,97.6764705882353,28,3,2017
SMITE 2,2024-08-27,Mixed,0,0.0,0.0,0.0,27,8,2024
House Flipper - Dine Out DLC,2024-11-26,Mostly Positive,0,46.99,0.0,46.99,26,11,2024
Mount & Blade II: Bannerlord - War Sails,2025-11-26,Mixed,0,119.99,0.0,119.99,26,11,2025
Wo Long: Fallen Dynasty,2023-03-03,Mostly Positive,1,99.5,-50.0,199.0,3,3,2023
Mafia: Definitive Edition,2020-09-24,Very Positive,1,34.48,-85.0,229.86666666666662,24,9,2020
Halo: The Master Chief Collection,2019-12-03,Very Positive,0,199.0,0.0,199.0,3,12,2019
Chef Knight,2026-06-01,Very Positive,1,21.14,-10.0,23.48888888888889,1,6,2026
StarSavior,2025-12-10,Mostly Positive,0,0.0,0.0,0.0,10,12,2025
Hollow Knight: Silksong,2025-09-04,Very Positive,0,59.99,0.0,59.99,4,9,2025
Grandpa High on Retro,2025-02-06,Very Positive,1,15.89,-40.0,26.483333333333334,6,2,2025
Valheim,2021-02-02,Very Positive,0,79.09,0.0,79.09,2,2,2021
GUILTY GEAR -STRIVE-,2021-06-11,Very Positive,0,173.99,0.0,173.99,11,6,2021
Nioh 2 – The Complete Edition,2021-02-05,Very Positive,1,99.6,-60.0,248.99999999999997,5,2,2021
Judgment,2022-09-14,Very Positive,1,59.98,-70.0,199.93333333333328,14,9,2022
Crush Crush,2016-10-18,Very Positive,0,0.0,0.0,0.0,18,10,2016
Resident Evil (1996),2026-04-01,Very Positive,1,28.5,-50.0,57.0,1,4,2026
Fantasy Map Simulator,2024-09-04,Very Positive,1,19.33,-27.0,26.479452054794518,4,9,2024
It Takes Two Friend's Pass,2021-05-25,Overwhelmingly Positive,0,0.0,0.0,0.0,25,5,2021
Wartales,2023-04-12,Very Positive,1,51.99,-60.0,129.975,12,4,2023
EA SPORTS FC™ 25,2024-09-26,Mixed,0,299.0,0.0,299.0,26,9,2024
Phoenix Wright: Ace Attorney Trilogy,2019-04-09,Overwhelmingly Positive,1,42.57,-67.0,129.00000000000003,9,4,2019
PowerWash Simulator,2022-07-14,Overwhelmingly Positive,1,37.45,-50.0,74.9,14,7,2022
Mecharashi,2025-07-30,Mixed,0,0.0,0.0,0.0,30,7,2025
Dune: Awakening,2025-06-10,Mostly Positive,0,179.0,0.0,179.0,10,6,2025
Kerbal Space Program,2015-04-27,Overwhelmingly Positive,0,119.99,0.0,119.99,27,4,2015
Street Fighter™ 6 - Year 3 Character Pass,2025-07-15,Mixed,0,129.0,0.0,129.0,15,7,2025
DRAGON BALL Z: KAKAROT,2020-01-16,Very Positive,1,74.17,-25.0,98.89333333333333,16,1,2020
It Takes Two,2021-03-25,Overwhelmingly Positive,0,199.0,0.0,199.0,25,3,2021
The Last Starship,2026-02-03,Mostly Positive,1,29.99,-50.0,59.98,3,2,2026
Forza Horizon 6 Time Attack Car Pack,2026-05-18,Positive,0,49.0,0.0,49.0,18,5,2026
Outbound,2026-05-11,Mostly Positive,0,73.99,0.0,73.99,11,5,2026
METAL GEAR & METAL GEAR 2: Solid Snake,2023-10-24,Very Positive,0,99.96,0.0,99.96,24,10,2023
YAPYAP,2026-02-03,Very Positive,0,32.99,0.0,32.99,3,2,2026
Rise of the Ronin,2025-03-10,Mixed,1,124.5,-50.0,249.0,10,3,2025
Bodycam,2024-06-07,Mostly Positive,0,101.99,0.0,101.99,7,6,2024
Age of Mythology: Retold,2024-09-04,Very Positive,0,99.99,0.0,99.99,4,9,2024
Cuphead,2017-09-29,Overwhelmingly Positive,0,36.99,0.0,36.99,29,9,2017
Deep Rock Galactic: Survivor,2025-09-17,Very Positive,1,31.19,-35.0,47.98461538461539,17,9,2025
The Adventures of Elliot: The Millennium Tales,2026-06-18,,0,339.9,0.0,339.9,18,6,2026
Season 3 Battlefield Pro - Battlefield™ 6 and REDSEC,2026-05-12,Mixed,0,109.0,0.0,109.0,12,5,2026
Chivalry 2,2022-06-12,Very Positive,1,11.32,-85.0,75.46666666666665,12,6,2022
Pummel Party,2018-09-20,Very Positive,0,46.99,0.0,46.99,20,9,2018
Street Fighter™ 6 - Year 3 Ultimate Pass,2025-07-15,Mixed,0,209.0,0.0,209.0,15,7,2025
Balatro,2024-02-20,Overwhelmingly Positive,0,44.99,0.0,44.99,20,2,2024
Starvester,2026-05-29,Mostly Positive,1,13.49,-10.0,14.988888888888889,29,5,2026
STAR WARS™ Battlefront™ II,2020-06-11,Very Positive,0,159.0,0.0,159.0,11,6,2020
Town to City,2026-05-26,Overwhelmingly Positive,1,80.99,-10.0,89.98888888888888,26,5,2026
JoJo's Bizarre Adventure: All-Star Battle R,2022-09-01,Very Positive,1,79.1,-72.0,282.49999999999994,1,9,2022
REANIMAL,2026-02-13,Very Positive,0,107.99,0.0,107.99,13,2,2026
Vampire Crawlers: The Turbo Wildcard from Vampire Survivors,2026-04-21,Overwhelmingly Positive,0,24.99,0.0,24.99,21,4,2026
DELTARUNE,2025-06-04,Overwhelmingly Positive,0,73.99,0.0,73.99,4,6,2025
Age of Wonders 4,2023-05-02,Very Positive,0,188.99,0.0,188.99,2,5,2023
Workers & Resources: Soviet Republic,2024-06-20,Very Positive,1,19.99,-75.0,79.96,20,6,2024
Company of Heroes 3,2023-02-23,Mixed,0,159.99,0.0,159.99,23,2,2023
Blood West: Scavengers,2026-06-03,Very Positive,1,15.29,-10.0,16.988888888888887,3,6,2026
The Planet Crafter,2024-04-10,Overwhelmingly Positive,0,73.99,0.0,73.99,10,4,2024
House Flipper 2 - Sakura DLC,2026-05-21,Mostly Positive,0,44.0,0.0,44.0,21,5,2026
The Lord of the Rings Online™,2012-06-06,Very Positive,0,0.0,0.0,0.0,6,6,2012
MENACE,2026-02-05,Very Positive,1,59.99,-25.0,79.98666666666666,5,2,2026
Diablo II: Resurrected – Infernal Edition,2026-02-11,Very Positive,0,174.9,0.0,174.9,11,2,2026
PGA TOUR 2K25,2025-02-27,Mixed,0,198.9,0.0,198.9,27,2,2025
Starward,2024-04-24,Mostly Positive,0,0.0,0.0,0.0,24,4,2024
"Ranch Simulator: Build, Hunt, Farm",2023-11-03,Mostly Positive,1,7.12,-85.0,47.46666666666666,3,11,2023
The Stanley Parable: Ultra Deluxe,2022-04-27,Very Positive,1,23.74,-50.0,47.48,27,4,2022
Master of Command - The Lion & Eagle,2026-06-01,Positive,0,39.99,0.0,39.99,1,6,2026
The Last of Us™ Part II Remastered,2025-04-03,Very Positive,0,199.9,0.0,199.9,3,4,2025
Lost Judgment - The Kaito Files Story Expansion,2022-09-14,Very Positive,1,62.5,-50.0,125.0,14,9,2022
Yakuza Kiwami,2025-12-11,Mostly Positive,1,54.54,-40.0,90.9,11,12,2025
Star Trek Online,2012-01-31,Mostly Positive,0,0.0,0.0,0.0,31,1,2012
A Little to the Left,2022-11-08,Very Positive,1,17.19,-60.0,42.975,8,11,2022
Stellar Blade™,2025-06-11,Overwhelmingly Positive,0,249.9,0.0,249.9,11,6,2025
Europa Universalis IV,2013-08-13,Very Positive,0,188.99,0.0,188.99,13,8,2013
RimWorld - Odyssey,2025-07-11,Very Positive,0,73.99,0.0,73.99,11,7,2025
Hollow Knight,2017-02-24,Overwhelmingly Positive,0,46.99,0.0,46.99,24,2,2017
Frostpunk,2018-04-24,Very Positive,0,88.99,0.0,88.99,24,4,2018
Wizard101,2018-09-06,Very Positive,0,0.0,0.0,0.0,6,9,2018
Teardown,2022-04-21,Overwhelmingly Positive,0,89.99,0.0,89.99,21,4,2022
WorldBox - God Simulator,2021-12-02,Overwhelmingly Positive,0,59.99,0.0,59.99,2,12,2021
Outer Wilds - Echoes of the Eye,2021-09-28,Very Positive,1,26.39,-40.0,43.983333333333334,28,9,2021
Life is Strange - Episode 1,2015-01-29,Overwhelmingly Positive,0,0.0,0.0,0.0,29,1,2015
TBH : Task Bar Hero - 3 Stash Pack,2026-05-27,Mixed,1,9.59,-20.0,11.987499999999999,27,5,2026
Total War: WARHAMMER,2016-05-24,Very Positive,0,188.47,0.0,188.47,24,5,2016
Another Crab's Treasure,2024-04-25,Overwhelmingly Positive,1,44.99,-50.0,89.98,25,4,2024
'83,2026-04-23,Mixed,1,44.99,-50.0,89.98,23,4,2026
Outlast 2,2017-04-24,Very Positive,1,14.99,-75.0,59.96,24,4,2017
Battleship Command,2026-06-02,Very Positive,1,75.59,-10.0,83.9888888888889,2,6,2026
Escape Simulator,2021-10-19,Overwhelmingly Positive,1,30.0,-40.0,50.0,19,10,2021
9 Kings,2025-05-23,Very Positive,1,17.99,-55.0,39.97777777777778,23,5,2025
ZEPHON,2024-11-08,Very Positive,1,29.99,-50.0,59.98,8,11,2024
Eternal Return,2023-07-19,Very Positive,0,0.0,0.0,0.0,19,7,2023
Avatar: Frontiers of Pandora™,2024-06-17,Mostly Positive,0,149.99,0.0,149.99,17,6,2024
Call to Arms - Gates of Hell: Ostfront,2021-06-11,Very Positive,0,101.99,0.0,101.99,11,6,2021
"Warhammer 40,000: Dawn of War - Definitive Edition",2025-08-14,Very Positive,0,89.99,0.0,89.99,14,8,2025
Cast n Chill,2025-06-16,Overwhelmingly Positive,1,32.89,-30.0,46.98571428571429,16,6,2025
Yakuza Kiwami 2,2025-12-11,Mostly Positive,1,54.54,-40.0,90.9,11,12,2025
Lords Mobile: Kingdom Wars,2019-06-02,Mixed,0,0.0,0.0,0.0,2,6,2019
Return of the Obra Dinn,2018-10-18,Overwhelmingly Positive,0,59.99,0.0,59.99,18,10,2018
Assetto Corsa Competizione,2019-05-29,Very Positive,0,159.0,0.0,159.0,29,5,2019
Anno 117: Pax Romana,2025-11-12,Mixed,0,299.99,0.0,299.99,12,11,2025
Conqueror's Blade,2020-04-05,Mostly Positive,0,0.0,0.0,0.0,5,4,2020
MechWarrior 5: Mercenaries - Chaos Reign,2026-05-26,Mostly Positive,0,67.99,0.0,67.99,26,5,2026
The Quarry,2022-06-09,Very Positive,1,52.48,-85.0,349.8666666666666,9,6,2022
Warhammer: Vermintide 2,2018-03-08,Very Positive,0,88.99,0.0,88.99,8,3,2018
World of Tanks: HEAT,2026-05-25,Mixed,0,0.0,0.0,0.0,25,5,2026
Dying Light: The Beast,2025-09-18,Very Positive,0,249.0,0.0,249.0,18,9,2025
Roadside Research,2026-02-12,Very Positive,0,31.99,0.0,31.99,12,2,2026
Mafia II: Definitive Edition,2020-05-19,Mostly Positive,1,33.99,-80.0,169.95000000000005,19,5,2020
Fallout 76 - Deathclaw Pet Bundle,2026-06-02,Positive,0,149.9,0.0,149.9,2,6,2026
RAIDBORN,2026-06-03,Mostly Positive,1,37.99,-24.0,49.98684210526316,3,6,2026
Keeper,2025-10-17,Very Positive,1,59.4,-40.0,99.0,17,10,2025
Dark and Darker,2024-06-07,Mixed,0,0.0,0.0,0.0,7,6,2024
Arcane Merchant,2026-06-01,Very Positive,1,49.49,-10.0,54.98888888888889,1,6,2026
Party Animals,2023-09-20,Very Positive,0,64.95,0.0,64.95,20,9,2023
DAVE THE DIVER,2023-06-28,Overwhelmingly Positive,0,59.99,0.0,59.99,28,6,2023
Marvel’s Spider-Man Remastered,2022-08-12,Overwhelmingly Positive,0,249.9,0.0,249.9,12,8,2022
CloverPit,2025-09-26,Very Positive,1,26.39,-20.0,32.9875,26,9,2025
TEKKEN 8 - Kunimitsu,2026-06-01,Very Positive,0,35.5,0.0,35.5,1,6,2026
dotAGE,2023-10-04,Very Positive,1,32.99,-40.0,54.98333333333334,4,10,2023
Poppy Playtime,2021-10-12,Very Positive,0,0.0,0.0,0.0,12,10,2021
Sekiro™: Shadows Die Twice - GOTY Edition,2019-03-21,Very Positive,0,274.0,0.0,274.0,21,3,2019
MX Bikes,2019-10-07,Very Positive,0,101.99,0.0,101.99,7,10,2019
The Last of Us™ Part I,2023-03-28,Very Positive,0,249.9,0.0,249.9,28,3,2023
Summoners War,2024-01-07,Mixed,0,0.0,0.0,0.0,7,1,2024
S.T.A.L.K.E.R. 2: Heart of Chornobyl,2024-11-20,Mostly Positive,0,239.0,0.0,239.0,20,11,2024
Haste,2025-04-01,Very Positive,1,35.99,-40.0,59.98333333333334,1,4,2025
GrandChase,2021-07-27,Mixed,0,0.0,0.0,0.0,27,7,2021
Cloudheim - Supporter Pack,2025-12-04,,1,21.77,-34.0,32.98484848484849,4,12,2025
FragPunk,2025-03-06,Mostly Positive,0,0.0,0.0,0.0,6,3,2025
Liar's Bar,2024-10-02,Very Positive,0,23.5,0.0,23.5,2,10,2024
Monster Hunter Stories 3: Twisted Reflection,2026-03-12,Very Positive,0,299.0,0.0,299.0,12,3,2026
Space Engineers,2019-02-28,Very Positive,0,67.99,0.0,67.99,28,2,2019
Action Taimanin,2020-10-05,Very Positive,0,0.0,0.0,0.0,5,10,2020
"Warhammer 40,000: Darktide - Hive Scum Class",2025-12-02,Mixed,0,44.95,0.0,44.95,2,12,2025
My Little Universe,2023-10-05,Very Positive,1,11.74,-75.0,46.96,5,10,2023
Slime Rancher,2017-08-01,Overwhelmingly Positive,1,14.99,-75.0,59.96,1,8,2017
Sky: Children of the Light,2024-04-10,Very Positive,0,0.0,0.0,0.0,10,4,2024
Soulmask,2026-04-09,Mostly Positive,0,89.99,0.0,89.99,9,4,2026
Against the Storm,2023-12-08,Overwhelmingly Positive,1,17.99,-70.0,59.966666666666654,8,12,2023
The Last Caretaker,2025-11-06,Very Positive,0,97.99,0.0,97.99,6,11,2025
SWORD ART ONLINE Fractured Daydream,2024-10-03,Mixed,1,97.0,-60.0,242.5,3,10,2024
The Binding of Isaac: Repentance,2021-03-30,Very Positive,0,98.96,0.0,98.96,30,3,2021
Celeste,2018-01-25,Overwhelmingly Positive,1,14.99,-75.0,59.96,25,1,2018
Snacktorio,2026-06-04,,1,26.99,-10.0,29.988888888888887,4,6,2026
TBH: Task Bar Hero Soundtrack,2026-05-27,,1,12.6,-20.0,15.749999999999998,27,5,2026
Risk of Rain 2: Seekers of the Storm,2024-08-27,Mixed,0,28.99,0.0,28.99,27,8,2024
RACCOIN: Coin Pusher Roguelike,2026-03-31,Very Positive,0,38.49,0.0,38.49,31,3,2026
Squad,2020-09-23,Very Positive,0,134.99,0.0,134.99,23,9,2020
Arma 3,2013-09-12,Very Positive,0,99.99,0.0,99.99,12,9,2013
MARVEL vs. CAPCOM Fighting Collection: Arcade Classics,2024-09-11,Very Positive,1,87.6,-60.0,218.99999999999997,11,9,2024
IncreKnight,2026-06-03,Very Positive,1,17.54,-10.0,19.488888888888887,3,6,2026
Trailmakers,2019-09-18,Very Positive,0,47.49,0.0,47.49,18,9,2019
Forza Horizon 6 Welcome Pack,2026-05-18,Positive,0,24.0,0.0,24.0,18,5,2026
Half Sword,2026-01-30,Mixed,0,73.99,0.0,73.99,30,1,2026
NINJA GAIDEN 2 Black,2025-01-23,Very Positive,1,124.5,-50.0,249.0,23,1,2025
Alan Wake,2012-02-16,Very Positive,1,3.99,-90.0,39.90000000000001,16,2,2012
"No, I'm not a Human",2025-09-15,Very Positive,0,46.99,0.0,46.99,15,9,2025
Road to Vostok,2026-04-07,Very Positive,0,59.99,0.0,59.99,7,4,2026
Sid Meier’s Civilization® VI,2016-10-20,Very Positive,0,129.0,0.0,129.0,20,10,2016
"Warhammer 40,000: Darktide - Arbites Class",2025-06-23,Mixed,0,44.95,0.0,44.95,23,6,2025
EA SPORTS™ Madden NFL 26,2025-08-14,Mixed,0,299.0,0.0,299.0,14,8,2025
Crime Scene Cleaner,2024-08-14,Overwhelmingly Positive,1,86.38,-36.0,134.96875,14,8,2024
IdleOn,2025-11-06,Mostly Positive,0,0.0,0.0,0.0,6,11,2025
Quarantine Zone: The Last Check,2026-01-12,Very Positive,0,59.99,0.0,59.99,12,1,2026
TCG Card Shop Simulator,2024-09-15,Overwhelmingly Positive,0,41.99,0.0,41.99,15,9,2024
Mafia III: Definitive Edition,2020-05-19,Mixed,1,33.99,-80.0,169.95000000000005,19,5,2020
The Roottrees are Dead,2025-01-15,Overwhelmingly Positive,0,59.99,0.0,59.99,15,1,2025
Call of Duty®: Black Ops II,2012-11-12,Very Positive,0,329.9,0.0,329.9,12,11,2012
Mini Metro,2015-11-06,Overwhelmingly Positive,1,7.99,-60.0,19.974999999999998,6,11,2015
Alabaster Dawn,2026-05-07,Overwhelmingly Positive,0,83.99,0.0,83.99,7,5,2026
Duet Night Abyss,2026-01-19,Mixed,0,0.0,0.0,0.0,19,1,2026
Total War: WARHAMMER III - Bhashiva – Character Pack,2026-05-21,Mixed,0,21.9,0.0,21.9,21,5,2026
DARK SOULS™: REMASTERED,2018-05-23,Very Positive,0,154.9,0.0,154.9,23,5,2018
ARK: Lost Colony Expansion Pass,2025-06-18,Mostly Negative,0,169.64,0.0,169.64,18,6,2025
KuloNiku: Bowl Up!,2026-04-07,Overwhelmingly Positive,1,27.59,-20.0,34.4875,7,4,2026
Lossless Scaling,2018-12-28,Very Positive,0,16.99,0.0,16.99,28,12,2018
Like a Dragon: Ishin!,2023-02-21,Very Positive,1,49.47,-70.0,164.89999999999998,21,2,2023
DYNASTY WARRIORS: ORIGINS Visions of Four Heroes,2026-01-21,Mixed,1,130.5,-25.0,174.0,21,1,2026
DARK SOULS™ III,2016-04-11,Very Positive,0,229.9,0.0,229.9,11,4,2016
Mortal Kombat 1,2023-09-19,Mostly Positive,0,199.99,0.0,199.99,19,9,2023
NO BACKUP,2026-05-09,Mixed,0,29.99,0.0,29.99,9,5,2026
Unpacking,2021-11-01,Very Positive,1,23.99,-60.0,59.974999999999994,1,11,2021
Tomb Raider Game of the Year,2013-03-04,Very Positive,1,12.52,-85.0,83.46666666666665,4,3,2013
American Truck Simulator - Illinois,2026-05-14,Mostly Positive,0,38.49,0.0,38.49,14,5,2026
Stonemachia,2026-05-26,Overwhelmingly Positive,1,53.99,-10.0,59.98888888888889,26,5,2026
Tainted Grail: The Fall of Avalon,2025-05-23,Very Positive,0,121.99,0.0,121.99,23,5,2025
Two Point Museum,2025-03-04,Overwhelmingly Positive,0,109.9,0.0,109.9,4,3,2025
Sengoku Dynasty,2024-11-07,Mostly Positive,1,53.39,-40.0,88.98333333333333,7,11,2024
Subnautica: Below Zero,2021-05-13,Very Positive,0,124.5,0.0,124.5,13,5,2021
Leaf it Alone,2025-10-30,Overwhelmingly Positive,0,20.49,0.0,20.49,30,10,2025
Tiny Glade,2024-09-23,Overwhelmingly Positive,1,42.29,-10.0,46.98888888888889,23,9,2024
Strinova,2024-11-21,Mostly Positive,0,0.0,0.0,0.0,21,11,2024
DRAGON BALL XENOVERSE 2,2016-10-27,Very Positive,0,77.5,0.0,77.5,27,10,2016
Drive Beyond Horizons,2025-03-24,Mostly Positive,0,45.0,0.0,45.0,24,3,2025
ELDEN RING NIGHTREIGN The Forsaken Hollows,2025-12-03,Mixed,0,74.0,0.0,74.0,3,12,2025
Totally Accurate Battle Simulator,2021-04-01,Overwhelmingly Positive,1,20.39,-66.0,59.97058823529412,1,4,2021
CODE VEIN,2019-09-26,Very Positive,1,14.99,-90.0,149.90000000000003,26,9,2019
Captain of Industry,2022-05-31,Very Positive,1,71.39,-30.0,101.9857142857143,31,5,2022
s&box,2026-04-28,Mixed,0,59.99,0.0,59.99,28,4,2026
Infinity Nikki,2025-04-28,Mixed,0,0.0,0.0,0.0,28,4,2025
ARK Fantastic Tames Season 1,2026-05-20,Mixed,0,54.99,0.0,54.99,20,5,2026
Bellwright,2024-04-23,Mostly Positive,0,88.99,0.0,88.99,23,4,2024
Batman™: Arkham Knight,2015-06-23,Very Positive,0,89.99,0.0,89.99,23,6,2015
Demon Castle Story,2026-02-08,Mostly Positive,0,47.99,0.0,47.99,8,2,2026
Microsoft Flight Simulator (2020) 40th Anniversary Edition,2020-08-17,Mostly Positive,0,249.95,0.0,249.95,17,8,2020
V Rising,2024-05-08,Very Positive,0,98.14,0.0,98.14,8,5,2024
Idol Party 2 - Love Vibe,2025-10-22,Mixed,0,0.0,0.0,0.0,22,10,2025
Europa Universalis V,2025-11-04,Mostly Positive,0,230.99,0.0,230.99,4,11,2025
The Farmer Was Replaced,2025-10-10,Overwhelmingly Positive,1,24.79,-20.0,30.987499999999997,10,10,2025
Travellers Rest,2020-07-28,Very Positive,1,41.24,-25.0,54.98666666666667,28,7,2020
Dragon Traveler,2026-02-10,Mixed,0,0.0,0.0,0.0,10,2,2026
Elite Dangerous,2015-04-02,Mostly Positive,0,59.99,0.0,59.99,2,4,2015
STARDUST: Wish of Witch,2026-05-28,Very Positive,1,67.49,-10.0,74.98888888888888,28,5,2026
The Spell Brigade,2026-04-29,Very Positive,0,38.49,0.0,38.49,29,4,2026
Contraband Police,2023-03-08,Overwhelmingly Positive,1,35.99,-60.0,89.975,8,3,2023
Max Payne 3,2012-05-31,Very Positive,1,29.85,-70.0,99.49999999999999,31,5,2012
CODE VEIN II,2026-01-29,Mixed,1,293.62,-25.0,391.49333333333334,29,1,2026
House Flipper - Farm DLC,2023-04-13,Mixed,0,46.99,0.0,46.99,13,4,2023
Buckshot Roulette,2024-04-04,Overwhelmingly Positive,0,9.99,0.0,9.99,4,4,2024
NASCAR 25,2025-11-11,Mostly Positive,0,154.99,0.0,154.99,11,11,2025
The Elder Scrolls V: Skyrim Anniversary Upgrade,2021-11-10,Mixed,0,79.0,0.0,79.0,10,11,2021
Campsite Hustle! - Management Simulator,2026-06-02,Very Positive,1,53.54,-15.0,62.98823529411765,2,6,2026
Forever Skies,2025-04-14,Mostly Positive,1,44.49,-50.0,88.98,14,4,2025
Mecha BREAK,2025-07-01,Mostly Positive,0,0.0,0.0,0.0,1,7,2025
Chill with You : Lo-Fi Story,2025-11-16,Overwhelmingly Positive,1,23.61,-25.0,31.48,16,11,2025
Chained Echoes,2022-12-08,Very Positive,0,80.0,0.0,80.0,8,12,2022
Star Birds,2025-09-10,Very Positive,1,44.99,-25.0,59.98666666666667,10,9,2025
Blood Strike,2025-03-13,Mostly Positive,0,0.0,0.0,0.0,13,3,2025
Risk of Rain 2: Survivors of the Void,2022-03-01,Very Positive,0,28.99,0.0,28.99,1,3,2022
BERSERK and the Band of the Hawk,2017-02-21,Very Positive,1,42.39,-60.0,105.975,21,2,2017
Devil Spire Falls,2025-07-06,Overwhelmingly Positive,0,39.99,0.0,39.99,6,7,2025
The Alters,2025-06-13,Very Positive,1,61.19,-40.0,101.98333333333333,13,6,2025
Deep Rock Galactic,2020-05-13,Overwhelmingly Positive,0,73.99,0.0,73.99,13,5,2020
Out of the Park Baseball 27,2026-03-13,Very Positive,0,134.99,0.0,134.99,13,3,2026
Restore Your Island,2026-04-09,Mostly Positive,1,38.39,-20.0,47.9875,9,4,2026
Medic: Pacific War,2026-06-04,Mixed,1,22.72,-10.0,25.244444444444444,4,6,2026
Sleeping Dogs: Definitive Edition,2014-10-08,Overwhelmingly Positive,1,8.39,-85.0,55.93333333333333,8,10,2014
Kingdom Two Crowns,2018-12-11,Very Positive,1,14.99,-75.0,59.96,11,12,2018
Assetto Corsa EVO,2025-01-16,Mixed,0,130.99,0.0,130.99,16,1,2025
Psychonauts 2,2021-08-24,Overwhelmingly Positive,1,49.8,-80.0,249.00000000000003,24,8,2021
DCS World Steam Edition,2013-08-02,Very Positive,0,0.0,0.0,0.0,2,8,2013
MIMESIS,2025-10-27,Mostly Positive,0,32.99,0.0,32.99,27,10,2025
Roboquest,2023-11-07,Overwhelmingly Positive,1,38.99,-40.0,64.98333333333333,7,11,2023
DC Universe™ Online,2011-11-02,Mostly Positive,0,0.0,0.0,0.0,2,11,2011
Desktop Mate,2025-01-07,Mixed,0,0.0,0.0,0.0,7,1,2025
Wasteland 3,2020-08-27,Very Positive,1,22.64,-70.0,75.46666666666665,27,8,2020
Oxygen Not Included,2019-07-30,Overwhelmingly Positive,0,45.99,0.0,45.99,30,7,2019
Global Rescue,2026-04-27,Very Positive,0,83.99,0.0,83.99,27,4,2026
Nuclear Option,2023-10-15,Overwhelmingly Positive,0,67.99,0.0,67.99,15,10,2023
Timberborn,2026-03-12,Overwhelmingly Positive,0,101.99,0.0,101.99,12,3,2026
Just Cause™ 3,2015-11-30,Very Positive,1,6.44,-85.0,42.93333333333333,30,11,2015
Danganronpa V3: Killing Harmony,2017-09-25,Very Positive,1,22.64,-70.0,75.46666666666665,25,9,2017
MISERY,2025-10-23,Very Positive,0,39.99,0.0,39.99,23,10,2025
Sintopia,2026-04-16,Very Positive,0,130.99,0.0,130.99,16,4,2026
Euro Truck Simulator 2 - Nordic Horizons,2025-11-27,Very Positive,0,56.99,0.0,56.99,27,11,2025
Sports Card Shop Simulator,2026-06-04,Positive,1,40.14,-9.0,44.10989010989011,4,6,2026
Life is Strange: Double Exposure,2024-10-29,Mixed,1,87.96,-60.0,219.89999999999998,29,10,2024
Wrench,2018-12-19,Very Positive,0,88.99,0.0,88.99,19,12,2018
RimWorld - Biotech,2022-10-21,Very Positive,0,73.99,0.0,73.99,21,10,2022
SiNiSistar 2,2026-05-15,Very Positive,0,53.49,0.0,53.49,15,5,2026
"Warhammer 40,000: Gladius - Relics of War",2018-07-12,Very Positive,0,117.62,0.0,117.62,12,7,2018
The Forever Winter,2024-09-24,Mostly Positive,1,57.84,-35.0,88.98461538461538,24,9,2024
Train Sim World® 6,2025-09-30,Very Positive,0,107.99,0.0,107.99,30,9,2025
"MAZEBOUND: Hunt, Gather, Run!",2026-05-13,Very Positive,0,37.49,0.0,37.49,13,5,2026
South Park™: The Fractured But Whole™,2017-10-16,Very Positive,1,41.99,-70.0,139.96666666666664,16,10,2017
ONE PIECE Bounty Rush,2024-09-23,Mostly Positive,0,0.0,0.0,0.0,23,9,2024
AETHUS,2026-03-06,Overwhelmingly Positive,1,47.99,-20.0,59.9875,6,3,2026
Beat Saber,2019-05-21,Overwhelmingly Positive,0,88.99,0.0,88.99,21,5,2019
Shadowverse: Worlds Beyond,2025-06-14,Mostly Negative,0,0.0,0.0,0.0,14,6,2025
Vampire Survivors,2022-10-20,Overwhelmingly Positive,0,12.99,0.0,12.99,20,10,2022
Rune Dice,2026-05-19,Mostly Positive,0,46.99,0.0,46.99,19,5,2026
REMATCH,2025-06-19,Mostly Positive,0,89.0,0.0,89.0,19,6,2025
Resident Evil 4 - Separate Ways,2019-01-24,Very Positive,0,57.0,0.0,57.0,24,1,2019
The Complex: Expedition,2025-07-18,Very Positive,0,46.99,0.0,46.99,18,7,2025
Is This Seat Taken?,2025-08-07,Overwhelmingly Positive,1,24.49,-30.0,34.98571428571429,7,8,2025
Tropico 6,2019-03-29,Very Positive,1,53.7,-70.0,178.99999999999997,29,3,2019
The Bazaar,2025-08-13,Mostly Positive,0,59.99,0.0,59.99,13,8,2025
Untitled Goose Game,2020-09-23,Overwhelmingly Positive,1,23.99,-60.0,59.974999999999994,23,9,2020
Medieval Dynasty,2021-09-23,Very Positive,1,126.29,-31.0,183.0289855072464,23,9,2021
Superliminal,2020-11-05,Very Positive,1,23.99,-60.0,59.974999999999994,5,11,2020
KINGDOM HEARTS -HD 1.5+2.5 ReMIX-,2024-06-13,Very Positive,0,219.9,0.0,219.9,13,6,2024
Directive 8020,2026-05-12,Mixed,0,209.0,0.0,209.0,12,5,2026
CrossCode,2018-09-20,Very Positive,0,60.0,0.0,60.0,20,9,2018
HUMANKIND™,2021-08-17,Mixed,1,39.75,-75.0,159.0,17,8,2021
Necesse,2025-10-16,Very Positive,1,30.54,-35.0,46.98461538461538,16,10,2025
Ready or Not: Dark Waters,2024-12-10,Mixed,0,25.99,0.0,25.99,10,12,2024
RuneScape ®,2020-10-14,Very Positive,0,0.0,0.0,0.0,14,10,2020
Capcom Fighting Collection 2,2025-05-15,Very Positive,1,116.35,-35.0,178.99999999999997,15,5,2025
Game of Thrones Winter is Coming,2019-11-14,Mixed,0,0.0,0.0,0.0,14,11,2019
FINAL FANTASY VII REMAKE INTERGRADE,2022-06-17,Very Positive,0,174.9,0.0,174.9,17,6,2022
Yakuza 3 Remastered,2021-01-28,Very Positive,0,0.0,0.0,0.0,28,1,2021
RAID: Shadow Legends,2024-01-09,Mixed,0,0.0,0.0,0.0,9,1,2024
Call of Duty®: Modern Warfare®,2023-03-08,Very Positive,0,329.9,0.0,329.9,8,3,2023
Danganronpa: Trigger Happy Havoc,2016-02-18,Overwhelmingly Positive,1,18.49,-50.0,36.98,18,2,2016
Strange Antiquities,2025-09-17,Overwhelmingly Positive,1,36.84,-33.0,54.98507462686568,17,9,2025
Resident Evil Village - Winters’ Expansion,2022-10-27,Mixed,1,44.5,-50.0,89.0,27,10,2022
Yakuza 6: The Song of Life,2021-03-25,Overwhelmingly Positive,1,44.75,-50.0,89.5,25,3,2021
ARC Raiders - The Wasp Hunter Set,2026-03-31,Very Positive,0,80.0,0.0,80.0,31,3,2026
MapleStory M,2026-03-18,Mostly Negative,0,0.0,0.0,0.0,18,3,2026
Nova Roma,2026-03-26,Very Positive,1,47.99,-20.0,59.9875,26,3,2026
FINAL FANTASY XIV: Dawntrail,2024-07-02,Mixed,0,107.99,0.0,107.99,2,7,2024
Until Dawn™,2024-10-04,Very Positive,0,299.99,0.0,299.99,4,10,2024
Overcooked! 2,2018-08-07,Very Positive,0,59.9,0.0,59.9,7,8,2018
Deadzone: Rogue,2025-08-11,Very Positive,1,40.61,-35.0,62.47692307692307,11,8,2025
The Binding of Isaac: Afterbirth,2015-10-30,Very Positive,0,21.99,0.0,21.99,30,10,2015
ULTIMATE MARVEL VS. CAPCOM 3,2017-03-06,Very Positive,1,21.4,-80.0,107.00000000000001,6,3,2017
Dorfromantik,2022-04-28,Overwhelmingly Positive,1,16.73,-40.0,27.883333333333336,28,4,2022
Gears Tactics,2020-04-28,Mostly Positive,1,74.5,-50.0,149.0,28,4,2020
System Shock,2023-05-30,Very Positive,1,59.7,-70.0,198.99999999999997,30,5,2023
Blade and Sorcery,2024-06-17,Overwhelmingly Positive,0,99.99,0.0,99.99,17,6,2024
Enlisted,2024-07-16,Mostly Positive,0,0.0,0.0,0.0,16,7,2024
Aliens: Fireteam Elite,2021-08-23,Very Positive,1,19.99,-80.0,99.95000000000002,23,8,2021
The Dark Pictures Anthology: House of Ashes,2021-10-21,Very Positive,1,42.05,-67.0,127.42424242424244,21,10,2021
RUNNING TRAIN | 走ル列車！,2026-05-24,Overwhelmingly Positive,0,67.99,0.0,67.99,24,5,2026
Gunfire Reborn,2021-11-17,Overwhelmingly Positive,0,55.0,0.0,55.0,17,11,2021
Lies of P,2023-09-18,Very Positive,0,249.9,0.0,249.9,18,9,2023
Car Service Together,2026-02-04,Mostly Positive,0,59.99,0.0,59.99,4,2,2026
Mega Man Battle Network Legacy Collection Vol. 1,2023-04-13,Very Positive,1,54.08,-68.0,169.00000000000003,13,4,2023
FINAL FANTASY VII EVER CRISIS,2023-12-06,Mixed,0,0.0,0.0,0.0,6,12,2023
Diplomacy is Not an Option,2024-10-04,Very Positive,1,35.59,-60.0,88.97500000000001,4,10,2024
Dungeons & Dragons Online®,2012-06-25,Mostly Positive,0,0.0,0.0,0.0,25,6,2012
Liftoff®: FPV Drone Racing,2018-09-13,Overwhelmingly Positive,0,59.99,0.0,59.99,13,9,2018
Portal 2,2011-04-18,Overwhelmingly Positive,0,32.99,0.0,32.99,18,4,2011
Call of Duty®: Black Ops 7 or Call of Duty®: Warzone™ Points,2022-11-16,,0,11.2,0.0,11.2,16,11,2022
KovaaK's,2018-04-03,Very Positive,1,19.39,-46.0,35.907407407407405,3,4,2018
UBOAT,2024-08-02,Very Positive,1,24.91,-72.0,88.96428571428571,2,8,2024
Jump Space,2025-09-19,Very Positive,0,57.99,0.0,57.99,19,9,2025
The Binding of Isaac: Afterbirth+,2017-01-03,Mixed,0,69.97,0.0,69.97,3,1,2017
Dome Keeper: The Lost Keepers,2026-04-13,Very Positive,1,23.84,-10.0,26.488888888888887,13,4,2026
Old World,2022-05-18,Very Positive,1,19.99,-75.0,79.96,18,5,2022
No Sleep For Kaname Date - From AI: THE SOMNIUM FILES,2025-07-25,Very Positive,1,79.99,-60.0,199.97499999999997,25,7,2025
Assetto Corsa Rally,2025-11-13,Very Positive,0,96.99,0.0,96.99,13,11,2025
Taiko no Tatsujin: Rhythm Festival,2024-11-06,Very Positive,1,199.75,-50.0,399.5,6,11,2024
MOTORSLICE,2026-05-05,Very Positive,0,59.99,0.0,59.99,5,5,2026
Brick Rigs,2023-07-14,Overwhelmingly Positive,1,38.99,-35.0,59.98461538461539,14,7,2023
Path of Exile,2013-10-23,Very Positive,0,0.0,0.0,0.0,23,10,2013
Pacific Drive,2024-02-21,Very Positive,1,52.0,-60.0,130.0,21,2,2024
Heian City Story,2025-03-16,Very Positive,0,33.99,0.0,33.99,16,3,2025
Warframe: TennoCon 2026 Digital Pack,2026-05-04,Very Positive,0,68.99,0.0,68.99,4,5,2026
Teenage Mutant Ninja Turtles: Splintered Fate,2024-11-06,Very Positive,1,22.49,-75.0,89.96,6,11,2024
DREDGE,2023-03-30,Overwhelmingly Positive,0,89.99,0.0,89.99,30,3,2023
Ready or Not: Home Invasion,2024-07-23,Mixed,0,25.99,0.0,25.99,23,7,2024
Barony,2015-06-23,Very Positive,0,59.99,0.0,59.99,23,6,2015
The Séance of Blake Manor,2025-10-27,Overwhelmingly Positive,1,41.99,-30.0,59.985714285714295,27,10,2025
Barotrauma,2023-03-13,Overwhelmingly Positive,0,99.99,0.0,99.99,13,3,2023
Destiny 2: The Final Shape,2024-06-04,Mostly Positive,0,119.99,0.0,119.99,4,6,2024
Conan Exiles Enhanced: Isle of Siptah,2021-05-27,Mixed,0,49.99,0.0,49.99,27,5,2021
MARVEL SNAP,2023-08-22,Mixed,0,0.0,0.0,0.0,22,8,2023
Plague Inc: Aliens & Anti-Vaxxers,2026-04-07,Very Positive,1,21.14,-10.0,23.48888888888889,7,4,2026
Battle Brothers,2017-03-24,Very Positive,1,17.99,-70.0,59.966666666666654,24,3,2017
The Artisan of Glimmith,2026-03-17,Overwhelmingly Positive,0,41.99,0.0,41.99,17,3,2026
Hades,2020-09-17,Overwhelmingly Positive,0,73.99,0.0,73.99,17,9,2020
Phantasy Star Online 2 New Genesis,2020-08-05,Mixed,0,0.0,0.0,0.0,5,8,2020
 Virtua Fighter 5 R.E.V.O. World Stage,2025-01-27,Mostly Positive,1,65.94,-40.0,109.9,27,1,2025
The Legend of Khiimori,2026-03-03,Very Positive,0,150.59,0.0,150.59,3,3,2026
Premium Battle Pass Bundle - Rainbow Six Siege,2026-06-02,Mostly Negative,0,79.99,0.0,79.99,2,6,2026
Realm of the Mad God Exalt,2012-02-20,Very Positive,0,0.0,0.0,0.0,20,2,2012
Life is Strange 2,2018-09-26,Very Positive,0,0.0,0.0,0.0,26,9,2018
SHUTEN ORDER,2025-09-05,Very Positive,1,149.4,-40.0,249.00000000000003,5,9,2025
Sledding Game,2026-04-30,Overwhelmingly Positive,0,23.99,0.0,23.99,30,4,2026
Punishing: Gray Raven,2026-02-02,Mostly Positive,0,0.0,0.0,0.0,2,2,2026
WARRIORS: Abyss,2025-02-12,Very Positive,1,62.0,-50.0,124.0,12,2,2025
Yakuza 5 Remastered,2021-01-28,Very Positive,1,44.75,-50.0,89.5,28,1,2021
Peripeteia,2025-02-21,Very Positive,1,41.03,-24.0,53.98684210526316,21,2,2025
Persona 3 Reload,2024-02-01,Overwhelmingly Positive,0,249.9,0.0,249.9,1,2,2024
Invincible VS,2026-04-30,Mostly Positive,0,199.0,0.0,199.0,30,4,2026
Call of Duty®: Black Ops,2010-11-09,Very Positive,0,219.9,0.0,219.9,9,11,2010
House Flipper - Pets DLC,2022-05-12,Very Positive,0,46.99,0.0,46.99,12,5,2022
Fate/Samurai Remnant,2023-09-28,Very Positive,1,139.3,-30.0,199.00000000000003,28,9,2023
Xenonauts 2,2026-04-02,Very Positive,1,51.99,-35.0,79.98461538461538,2,4,2026
